Id,fileImages,linksImages,linksPages
1173,ATU_Charcoal.jpg,https://tcoimages2.global.ssl.fastly.net/product_images/pictures/7996/medium/ATU_Charcoal.jpg?1413855200,https://trueandco.com/bras/she-walks-in-beauty-light/across-the-universe/1173
2475,Bezier_Christy_LaceContourPlusBra_Black.jpg,https://tcoimages1.global.ssl.fastly.net/product_images/pictures/10245/medium/Bezier_Christy_LaceContourPlusBra_Black.jpg?1415742849,https://trueandco.com/bras/bezier/christy/2475
1178,NudeSexyBraDONE.jpg,https://tcoimages3.global.ssl.fastly.net/product_images/pictures/7991/medium/NudeSexyBraDONE.jpg?1386986805,https://trueandco.com/bras/she-walks-in-beauty-light/made-of-stars/1178
1985,MOS_Seaport.jpg,https://tcoimages1.global.ssl.fastly.net/product_images/pictures/10026/medium/MOS_Seaport.jpg?1413856149,https://trueandco.com/bras/she-walks-in-beauty-light/made-of-stars/1985
1177,Made-of-Stars_charcoal.jpg,https://tcoimages1.global.ssl.fastly.net/product_images/pictures/7992/medium/Made-of-Stars_charcoal.jpg?1386986811,https://trueandco.com/bras/she-walks-in-beauty-light/made-of-stars/1177
2484,Bezier_HighLine_LacePushupBra_Black.jpg,https://tcoimages1.global.ssl.fastly.net/product_images/pictures/10242/medium/Bezier_HighLine_LacePushupBra_Black.jpg?1415742789,https://trueandco.com/bras/bezier/high-line/2484
112,Spanx_brallelujah_216_Nude.jpg,https://tcoimages3.global.ssl.fastly.net/product_images/pictures/5522/medium/Spanx_brallelujah_216_Nude.jpg?1386981634,https://trueandco.com/bras/spanx/brallelujah/112
1696,ASpaceGirl'sDream_Bra_Charcoal.jpg,https://tcoimages1.global.ssl.fastly.net/product_images/pictures/9531/medium/ASpaceGirl'sDream_Bra_Charcoal.jpg?1397865545,https://trueandco.com/bras/she-walks-in-beauty-light/a-space-girl-s-dream/1696
111,Spanx_brallelujah_216_Black.jpg,https://tcoimages2.global.ssl.fastly.net/product_images/pictures/5506/medium/Spanx_brallelujah_216_Black.jpg?1386981616,https://trueandco.com/bras/spanx/brallelujah/111
200,Spanx_Brallelujah_235_Black.jpg,https://tcoimages3.global.ssl.fastly.net/product_images/pictures/5486/medium/Spanx_Brallelujah_235_Black.jpg?1386981582,https://trueandco.com/bras/spanx/brallelujah/200
2481,Bezier_GramercyPlus_LaceBalconetteBra_Black_withcups.jpg,https://tcoimages2.global.ssl.fastly.net/product_images/pictures/10243/medium/Bezier_GramercyPlus_LaceBalconetteBra_Black_withcups.jpg?1415742802,https://trueandco.com/bras/bezier/gramercy-plus/2481
1962,ATU_Seaport.jpg,https://tcoimages1.global.ssl.fastly.net/product_images/pictures/10029/medium/ATU_Seaport.jpg?1413911400,https://trueandco.com/bras/she-walks-in-beauty-light/across-the-universe/1962
2478,Bezier_Gramercy_LaceBalconetteBra_Black.jpg,https://tcoimages3.global.ssl.fastly.net/product_images/pictures/10244/medium/Bezier_Gramercy_LaceBalconetteBra_Black.jpg?1415742850,https://trueandco.com/bras/bezier/gramercy/2478
2430,Bezier_Tribeca_LaceContourDemiBra_Black.jpg,https://tcoimages2.global.ssl.fastly.net/product_images/pictures/10246/medium/Bezier_Tribeca_LaceContourDemiBra_Black.jpg?1415743046,https://trueandco.com/bras/bezier/tribeca/2430
2714,Bezier_Verdi_LacePlungeBra_Black.jpg,https://tcoimages2.global.ssl.fastly.net/product_images/pictures/10240/medium/Bezier_Verdi_LacePlungeBra_Black.jpg?1415742795,https://trueandco.com/bras/bezier/verdi/2714
1697,ASpaceGirl'sDream_Bra_Black.jpg,https://tcoimages3.global.ssl.fastly.net/product_images/pictures/9530/medium/ASpaceGirl'sDream_Bra_Black.jpg?1397865501,https://trueandco.com/bras/she-walks-in-beauty-light/a-space-girl-s-dream/1697
1699,AcrosstheUniverse_Bra_Nude.jpg,https://tcoimages3.global.ssl.fastly.net/product_images/pictures/9512/medium/AcrosstheUniverse_Bra_Nude.jpg?1396463697,https://trueandco.com/bras/she-walks-in-beauty-light/across-the-universe/1699
1692,Across_the_Universe_Black_recolor.jpg,https://tcoimages1.global.ssl.fastly.net/product_images/pictures/9405/medium/Across_the_Universe_Black_recolor.jpg?1392661299,https://trueandco.com/bras/she-walks-in-beauty-light/across-the-universe/1692
2001,SGD_Seaport.jpg,https://tcoimages3.global.ssl.fastly.net/product_images/pictures/10025/medium/SGD_Seaport.jpg?1413856366,https://trueandco.com/bras/she-walks-in-beauty-light/a-space-girl-s-dream/2001
2695,Uniform_Contour__Bra_Chevron.jpg,https://tcoimages2.global.ssl.fastly.net/product_images/pictures/10285/medium/Uniform_Contour__Bra_Chevron.jpg?1415929332,https://trueandco.com/bras/uniform/contour/2695
2694,Uniform_ContourDemi_Chevron.jpg,https://tcoimages2.global.ssl.fastly.net/product_images/pictures/10288/medium/Uniform_ContourDemi_Chevron.jpg?1415929813,https://trueandco.com/bras/uniform/contour-demi/2694
7,FelinaMarielle110789VNLWhite.jpg,https://tcoimages2.global.ssl.fastly.net/product_images/pictures/370/medium/FelinaMarielle110789VNLWhite.jpg?1386977279,https://trueandco.com/bras/felina/marielle/7
1693,Made_of_Stars_black_recolor.jpg,https://tcoimages2.global.ssl.fastly.net/product_images/pictures/9406/medium/Made_of_Stars_black_recolor.jpg?1392661362,https://trueandco.com/bras/she-walks-in-beauty-light/made-of-stars/1693
6,_FelinaMarielle60274BlackLace.jpg,https://tcoimages3.global.ssl.fastly.net/product_images/pictures/1247/medium/_FelinaMarielle60274BlackLace.jpg?1386977621,https://trueandco.com/bras/felina/marielle/6
2362,Triumph_Magicwire_Bra_Black.jpg,https://tcoimages2.global.ssl.fastly.net/product_images/pictures/10114/medium/Triumph_Magicwire_Bra_Black.jpg?1411633313,https://trueandco.com/bras/triumph/everyday-magic-wire/2362
1453,NatoriFeathers735023BlackAGAIN.jpg,https://tcoimages3.global.ssl.fastly.net/product_images/pictures/9209/medium/NatoriFeathers735023BlackAGAIN.jpg?1389127475,https://trueandco.com/bras/natori/feathers/1453
2696,Uniform_ConvertibleWirefree_Chevron1.jpg,https://tcoimages2.global.ssl.fastly.net/product_images/pictures/10201/medium/Uniform_ConvertibleWirefree_Chevron1.jpg?1413598462,https://trueandco.com/bras/uniform/convertible-wirefree/2696
1695,ASpaceGirl'sDream_Bra_Nude.jpg,https://tcoimages2.global.ssl.fastly.net/product_images/pictures/9532/medium/ASpaceGirl'sDream_Bra_Nude.jpg?1397865628,https://trueandco.com/bras/she-walks-in-beauty-light/a-space-girl-s-dream/1695
508,Montelle_Coquette_Bra_Black_v2.jpg,https://tcoimages1.global.ssl.fastly.net/product_images/pictures/3756/medium/Montelle_Coquette_Bra_Black_v2.jpg?1412385012,https://trueandco.com/bras/montelle/coquette/508
1454,NatoriFeathers735023CafeAGAIN.jpg,https://tcoimages1.global.ssl.fastly.net/product_images/pictures/9210/medium/NatoriFeathers735023CafeAGAIN.jpg?1389127470,https://trueandco.com/bras/natori/feathers/1454
2363,Triumph_Magicwire_Bra_Nude.jpg,https://tcoimages3.global.ssl.fastly.net/product_images/pictures/9914/medium/Triumph_Magicwire_Bra_Nude.jpg?1405979483,https://trueandco.com/bras/triumph/everyday-magic-wire/2363
1637,SpanxRacerBackBraNude.jpg,https://tcoimages1.global.ssl.fastly.net/product_images/pictures/8280/medium/SpanxRacerBackBraNude.jpg?1386988562,https://trueandco.com/bras/spanx/brallelujah/1637
511,Montelle_Coquette_Bra_Nude_v2.jpg,https://tcoimages3.global.ssl.fastly.net/product_images/pictures/3749/medium/Montelle_Coquette_Bra_Nude_v2.jpg?1412385034,https://trueandco.com/bras/montelle/coquette/511
3212,Uniform_ConvertibleWirefree2Pack_LatteScallopShell.jpg,https://tcoimages1.global.ssl.fastly.net/product_images/pictures/10077/medium/Uniform_ConvertibleWirefree2Pack_LatteScallopShell.jpg?1411149523,https://trueandco.com/bras/uniform-by-true-co/convertible-wirefree-2-pack/3212
3103,Uniform_ConvertibleWirefree2Pack_ScallopShellAsh.jpg,https://tcoimages2.global.ssl.fastly.net/product_images/pictures/10000/medium/Uniform_ConvertibleWirefree2Pack_ScallopShellAsh.jpg?1409787102,https://trueandco.com/bras/uniform/convertible-wirefree-2-pack/3103
3244,PlusSizeBra_Black.jpg,https://tcoimages1.global.ssl.fastly.net/product_images/pictures/10233/medium/PlusSizeBra_Black.jpg?1414444487,https://trueandco.com/bras/montelle/pure-plus-smooth/3244
3102,Uniform_ConvertibleWirefree2Pack_GingersnapAsh.jpg,https://tcoimages3.global.ssl.fastly.net/product_images/pictures/10001/medium/Uniform_ConvertibleWirefree2Pack_GingersnapAsh.jpg?1409787168,https://trueandco.com/bras/uniform/convertible-wirefree-2-pack/3102
3247,Uniform_Convertible_Wirefree_Bra_ChevronScallopShell.jpg,https://tcoimages1.global.ssl.fastly.net/product_images/pictures/10308/medium/Uniform_Convertible_Wirefree_Bra_ChevronScallopShell.jpg?1415934433,https://trueandco.com/bras/uniform-by-true-co/convertible-wirefree-2-pack/3247
1924,Triumph_PerfectlySoft_Black.jpg,https://tcoimages1.global.ssl.fastly.net/product_images/pictures/9384/medium/Triumph_PerfectlySoft_Black.jpg?1392056298,https://trueandco.com/bras/triumph/perfectly-soft/1924
3246,Uniform_Convertible_Wirefree_Bra_ChevronPrintAsh.jpg,https://tcoimages3.global.ssl.fastly.net/product_images/pictures/10313/medium/Uniform_Convertible_Wirefree_Bra_ChevronPrintAsh.jpg?1415934599,https://trueandco.com/bras/uniform-by-true-co/convertible-wirefree-2-pack/3246
3104,Uniform_Bralette2Pack_ScallopShellAsh.jpg,https://tcoimages1.global.ssl.fastly.net/product_images/pictures/9999/medium/Uniform_Bralette2Pack_ScallopShellAsh.jpg?1409785689,https://trueandco.com/bras/uniform/bralette-2-pack/3104
1925,Triumph_PerfectlySoft_Nude.jpg,https://tcoimages2.global.ssl.fastly.net/product_images/pictures/9385/medium/Triumph_PerfectlySoft_Nude.jpg?1392056305,https://trueandco.com/bras/triumph/perfectly-soft/1925
3140,Wacoal_BodybyWacoalT-Back_Bra_Black.jpg,https://tcoimages3.global.ssl.fastly.net/product_images/pictures/10109/medium/Wacoal_BodybyWacoalT-Back_Bra_Black.jpg?1412012552,https://trueandco.com/bras/wacoal/body-by-wacoal-t-back/3140
3245,PlusSizeBra_Nude.jpg,https://tcoimages3.global.ssl.fastly.net/product_images/pictures/10232/medium/PlusSizeBra_Nude.jpg?1414444479,https://trueandco.com/bras/montelle/pure-plus-smooth/3245
1932,Eberjey_Colette_black_recolor.jpg,https://tcoimages3.global.ssl.fastly.net/product_images/pictures/9407/medium/Eberjey_Colette_black_recolor.jpg?1392661419,https://trueandco.com/bras/eberjey/colette/1932
1174,NudeStructuredTCbraNEW2.jpg,https://tcoimages1.global.ssl.fastly.net/product_images/pictures/7995/medium/NudeStructuredTCbraNEW2.jpg?1386986828,https://trueandco.com/bras/she-walks-in-beauty-light/across-the-universe/1174
1774,OLLC_Bandage_bra.jpg,https://tcoimages2.global.ssl.fastly.net/product_images/pictures/9115/medium/OLLC_Bandage_bra.jpg?1387414119,https://trueandco.com/special-occasion/oh-la-la-cheri/bandage-bra/1774
1372,Le_Mystere_Enlighten_Mesh_Y_Back_Nude.jpg,https://tcoimages2.global.ssl.fastly.net/product_images/pictures/9403/medium/Le_Mystere_Enlighten_Mesh_Y_Back_Nude.jpg?1392321687,https://trueandco.com/bras/le-mystere/enlighten/1372
3033,Le_Mystere_Enlighten_Mesh_Y_Back_Black.jpg,https://tcoimages2.global.ssl.fastly.net/product_images/pictures/9976/medium/Le_Mystere_Enlighten_Mesh_Y_Back_Black.jpg?1408060332,https://trueandco.com/bras/le-mystere/enlighten/3033
1703,Josie_Bardot_66834_BlackLongline_Bra.jpg,https://tcoimages3.global.ssl.fastly.net/product_images/pictures/8828/medium/Josie_Bardot_66834_BlackLongline_Bra.jpg?1386992864,https://trueandco.com/bras/josie/bardot/1703
3190,Bezier_Abingdon_LaceLonglineBra_Black.jpg,https://tcoimages1.global.ssl.fastly.net/product_images/pictures/10239/medium/Bezier_Abingdon_LaceLonglineBra_Black.jpg?1415397456,https://trueandco.com/bras/bezier/abingdon/3190
2230,Eberjey_Colette_Bralette_BlueShadow.jpg,https://tcoimages3.global.ssl.fastly.net/product_images/pictures/9893/medium/Eberjey_Colette_Bralette_BlueShadow.jpg?1405117316,https://trueandco.com/bras/eberjey/colette/2230
2709,Bezier_Bryant_Bralette_Black.jpg,https://tcoimages3.global.ssl.fastly.net/product_images/pictures/10241/medium/Bezier_Bryant_Bralette_Black.jpg?1415398182,https://trueandco.com/bras/bezier/bryant/2709
1176,We-Are-Voodoo_black.jpg,https://tcoimages2.global.ssl.fastly.net/product_images/pictures/7993/medium/We-Are-Voodoo_black.jpg?1386986817,https://trueandco.com/bras/she-walks-in-beauty-light/we-were-voodoo/1176
1961,SWIBL_AcrossTheUniverse_BlackCerise.jpg,https://tcoimages1.global.ssl.fastly.net/product_images/pictures/10206/medium/SWIBL_AcrossTheUniverse_BlackCerise.jpg?1413862290,https://trueandco.com/bras/she-walks-in-beauty-light/across-the-universe/1961
1742,Uniform_UnlinedTriangle__Ash2.jpg,https://tcoimages2.global.ssl.fastly.net/product_images/pictures/9679/medium/Uniform_UnlinedTriangle__Ash2.jpg?1400652016,https://trueandco.com/bras/uniform/unlined-triangle/1742
1745,Uniform_Pushup_Ash.jpg,https://tcoimages2.global.ssl.fastly.net/product_images/pictures/9652/medium/Uniform_Pushup_Ash.jpg?1400632842,https://trueandco.com/bras/uniform/pushup/1745
1791,Uniform_Multi-Way_Black.jpg,https://tcoimages2.global.ssl.fastly.net/product_images/pictures/9649/medium/Uniform_Multi-Way_Black.jpg?1400631608,https://trueandco.com/bras/uniform/multi-way/1791
1743,Uniform_Triangle__ScallopShell.jpg,https://tcoimages3.global.ssl.fastly.net/product_images/pictures/9653/medium/Uniform_Triangle__ScallopShell.jpg?1400632962,https://trueandco.com/bras/uniform/unlined-triangle/1743
961,TCStraplessBlack.jpg,https://tcoimages2.global.ssl.fastly.net/product_images/pictures/7633/medium/TCStraplessBlack.jpg?1386984615,https://trueandco.com/bras/day-to-night/night-no-13-strapless/961
1744,Uniform_UnlinedTriangle__Gingersnap.jpg,https://tcoimages1.global.ssl.fastly.net/product_images/pictures/9678/medium/Uniform_UnlinedTriangle__Gingersnap.jpg?1400651893,https://trueandco.com/bras/uniform/unlined-triangle/1744
1965,SWIBL_Walkingonthemoon_BlackCerise_Recolor.jpg,https://tcoimages3.global.ssl.fastly.net/product_images/pictures/10208/medium/SWIBL_Walkingonthemoon_BlackCerise_Recolor.jpg?1413862170,https://trueandco.com/bras/she-walks-in-beauty-light/walking-on-the-moon/1965
1175,We_Are_Voodoo_charcoal.jpg,https://tcoimages3.global.ssl.fastly.net/product_images/pictures/8606/medium/We_Are_Voodoo_charcoal.jpg?1413855348,https://trueandco.com/bras/she-walks-in-beauty-light/we-were-voodoo/1175
1779,Uniform_Contour__Gingersnap.jpg,https://tcoimages2.global.ssl.fastly.net/product_images/pictures/9658/medium/Uniform_Contour__Gingersnap.jpg?1400635908,https://trueandco.com/bras/uniform/contour/1779
1270,WOTM_Black.jpg,https://tcoimages3.global.ssl.fastly.net/product_images/pictures/8051/medium/WOTM_Black.jpg?1413864463,https://trueandco.com/bras/she-walks-in-beauty-light/walking-on-the-moon/1270
962,TRUE_Strapless_TR006_Nude2AGAIN.jpg,https://tcoimages3.global.ssl.fastly.net/product_images/pictures/7631/medium/TRUE_Strapless_TR006_Nude2AGAIN.jpg?1386984601,https://trueandco.com/bras/day-to-night/night-no-13-strapless/962
1778,Uniform_Contour__Ash.jpg,https://tcoimages3.global.ssl.fastly.net/product_images/pictures/9659/medium/Uniform_Contour__Ash.jpg?1400635937,https://trueandco.com/bras/uniform/contour/1778
1635,NatoriFeathersPlungeBlack.jpg,https://tcoimages2.global.ssl.fastly.net/product_images/pictures/8320/medium/NatoriFeathersPlungeBlack.jpg?1386988893,https://trueandco.com/bras/natori/feathers/1635
1792,multi-way.jpg,https://tcoimages2.global.ssl.fastly.net/product_images/pictures/9604/medium/multi-way.jpg?1413854792,https://trueandco.com/bras/uniform/multi-way/1792
1989,Uniform_Pushup_Gingersnap.jpg,https://tcoimages2.global.ssl.fastly.net/product_images/pictures/9655/medium/Uniform_Pushup_Gingersnap.jpg?1400633174,https://trueandco.com/bras/uniform/pushup/1989
1780,Uniform_Contour___ScallopShell.jpg,https://tcoimages1.global.ssl.fastly.net/product_images/pictures/9651/medium/Uniform_Contour___ScallopShell.jpg?1400632794,https://trueandco.com/bras/uniform/contour/1780
1553,CK_Icon_DemiBra_Smoke-Recolor.jpg,https://tcoimages3.global.ssl.fastly.net/product_images/pictures/8132/medium/CK_Icon_DemiBra_Smoke-Recolor.jpg?1411064172,https://trueandco.com/bras/calvin-klein/icon/1553
1966,WOTM_Seaport.jpg,https://tcoimages2.global.ssl.fastly.net/product_images/pictures/10027/medium/WOTM_Seaport.jpg?1413856583,https://trueandco.com/bras/she-walks-in-beauty-light/walking-on-the-moon/1966
1701,Natori_PowerYogi_SportsBra_Gray.jpg,https://tcoimages2.global.ssl.fastly.net/product_images/pictures/8629/medium/Natori_PowerYogi_SportsBra_Gray.jpg?1386991097,https://trueandco.com/bras/natori/power-yogi/1701
2724,SWIBL_Stardust_BlackCerise.jpg,https://tcoimages1.global.ssl.fastly.net/product_images/pictures/10032/medium/SWIBL_Stardust_BlackCerise.jpg?1413240243,https://trueandco.com/bras/she-walks-in-beauty-light/stardust/2724
432,BetsyJohnsonWhiteNudePinkLaceBraCOMPLETE.jpg,https://tcoimages3.global.ssl.fastly.net/product_images/pictures/2471/medium/BetsyJohnsonWhiteNudePinkLaceBraCOMPLETE.jpg?1386978291,https://trueandco.com/bras/betsey-johnson/eyelet-lace/432
1551,CKBraBlack.jpg,https://tcoimages2.global.ssl.fastly.net/product_images/pictures/8134/medium/CKBraBlack.jpg?1386987692,https://trueandco.com/bras/calvin-klein/icon/1551
438,Natori_Feathers_PlungeBra_Nude.jpg,https://tcoimages2.global.ssl.fastly.net/product_images/pictures/2395/medium/Natori_Feathers_PlungeBra_Nude.jpg?1386978218,https://trueandco.com/bras/natori/feathers/438
1187,Glamorise_DoubleLayerCustomControl_1166_Black.jpg,https://tcoimages2.global.ssl.fastly.net/product_images/pictures/7825/medium/Glamorise_DoubleLayerCustomControl_1166_Black.jpg?1386985845,https://trueandco.com/bras/glamorise/double-layer-custom-control/1187
1271,WOTM_Nude.jpg,https://tcoimages3.global.ssl.fastly.net/product_images/pictures/7997/medium/WOTM_Nude.jpg?1413855936,https://trueandco.com/bras/she-walks-in-beauty-light/walking-on-the-moon/1271
712,CK_Perfectly_Fit_F2564_Black.jpg,https://tcoimages2.global.ssl.fastly.net/product_images/pictures/7717/medium/CK_Perfectly_Fit_F2564_Black.jpg?1396043232,https://trueandco.com/bras/calvin-klein/perfectly-fit-racerback/712
1183,PanacheSport_5021_GreyLavender.jpg,https://tcoimages3.global.ssl.fastly.net/product_images/pictures/7835/medium/PanacheSport_5021_GreyLavender.jpg?1386985933,https://trueandco.com/bras/panache/panache-sport/1183
1959,SWIBL_ASpaceGirlsDream_Bra_PerforatedBlack-Details.jpg,https://tcoimages3.global.ssl.fastly.net/product_images/pictures/10037/medium/SWIBL_ASpaceGirlsDream_Bra_PerforatedBlack-Details.jpg?1413918685,https://trueandco.com/bras/she-walks-in-beauty-light/a-space-girl-s-dream/1959
713,CK_Perfectly_Fit_F2564_Nude.jpg,https://tcoimages2.global.ssl.fastly.net/product_images/pictures/7723/medium/CK_Perfectly_Fit_F2564_Nude.jpg?1386985069,https://trueandco.com/bras/calvin-klein/perfectly-fit-racerback/713
1741,Uniform_ConvertibleWirefree_Gingersnap.jpg,https://tcoimages3.global.ssl.fastly.net/product_images/pictures/9656/medium/Uniform_ConvertibleWirefree_Gingersnap.jpg?1400635747,https://trueandco.com/bras/uniform/convertible-wirefree/1741
517,TCPurePlus30336Black.jpg,https://tcoimages2.global.ssl.fastly.net/product_images/pictures/1024/medium/TCPurePlus30336Black.jpg?1386977512,https://trueandco.com/bras/montelle/pure-plus/517
716,TCSeductiveComfort30375Black.jpg,https://tcoimages2.global.ssl.fastly.net/product_images/pictures/1198/medium/TCSeductiveComfort30375Black.jpg?1386977602,https://trueandco.com/bras/calvin-klein/seductive-comfort/716
1739,Uniform_ConvertibleWirefree_Ash.jpg,https://tcoimages1.global.ssl.fastly.net/product_images/pictures/9657/medium/Uniform_ConvertibleWirefree_Ash.jpg?1400635773,https://trueandco.com/bras/uniform/convertible-wirefree/1739
718,NUDEDONE.jpg,https://tcoimages3.global.ssl.fastly.net/product_images/pictures/4373/medium/NUDEDONE.jpg?1386980208,https://trueandco.com/bras/calvin-klein/seductive-comfort/718
519,TCPurePlus30336Nude.jpg,https://tcoimages1.global.ssl.fastly.net/product_images/pictures/1158/medium/TCPurePlus30336Nude.jpg?1386977574,https://trueandco.com/bras/montelle/pure-plus/519
1451,Natori_HiddenGlamour_DemiBra_Cocoa.jpg,https://tcoimages1.global.ssl.fastly.net/product_images/pictures/9261/medium/Natori_HiddenGlamour_DemiBra_Cocoa.jpg?1389128670,https://trueandco.com/bras/natori/hidden-glamour/1451
714,CK_Perfectly_Fit__F2781_Black.jpg,https://tcoimages3.global.ssl.fastly.net/product_images/pictures/1799/medium/CK_Perfectly_Fit__F2781_Black.jpg?1386977806,https://trueandco.com/bras/calvin-klein/perfectly-fit-wirefree/714
1988,pushup_scallopshell.jpg,https://tcoimages3.global.ssl.fastly.net/product_images/pictures/9605/medium/pushup_scallopshell.jpg?1413853688,https://trueandco.com/bras/uniform/pushup/1988
1805,bralette_scallopshell.jpg,https://tcoimages1.global.ssl.fastly.net/product_images/pictures/9603/medium/bralette_scallopshell.jpg?1413853796,https://trueandco.com/bras/uniform/bralette/1805
1804,bralette_ash.jpg,https://tcoimages3.global.ssl.fastly.net/product_images/pictures/9671/medium/bralette_ash.jpg?1413854066,https://trueandco.com/bras/uniform/bralette/1804
1740,convertible-wirefree.jpg,https://tcoimages3.global.ssl.fastly.net/product_images/pictures/9602/medium/convertible-wirefree.jpg?1413855015,https://trueandco.com/bras/uniform/convertible-wirefree/1740
529,TCFeelGood30530Black.jpg,https://tcoimages3.global.ssl.fastly.net/product_images/pictures/839/medium/TCFeelGood30530Black.jpg?1386977409,https://trueandco.com/bras/leilieve/feel-good/529
445,Natori736044GunmetalBraCOMPLETE.jpg,https://tcoimages2.global.ssl.fastly.net/product_images/pictures/2332/medium/Natori736044GunmetalBraCOMPLETE.jpg?1386978173,https://trueandco.com/bras/natori/hidden-glamour/445
50,recolor_to_blackDONE.jpg,https://tcoimages2.global.ssl.fastly.net/product_images/pictures/2449/medium/recolor_to_blackDONE.jpg?1386978272,https://trueandco.com/bras/natori/sheer-jacquard/50
1660,AnitaExtremeComfortSportsBraBlackFront.jpg,https://tcoimages1.global.ssl.fastly.net/product_images/pictures/8397/medium/AnitaExtremeComfortSportsBraBlackFront.jpg?1386989397,https://trueandco.com/bras/anita/extreme-control/1660
715,CK_Perfectly_Fit__F2781_Nude.jpg,https://tcoimages3.global.ssl.fastly.net/product_images/pictures/1709/medium/CK_Perfectly_Fit__F2781_Nude.jpg?1386977777,https://trueandco.com/bras/calvin-klein/perfectly-fit-wirefree/715
3143,Wacoal_HaloContourSpacer_Bra_Black.jpg,https://tcoimages3.global.ssl.fastly.net/product_images/pictures/10106/medium/Wacoal_HaloContourSpacer_Bra_Black.jpg?1411632066,https://trueandco.com/bras/wacoal/halo-contour-spacer/3143
3148,Wacoal_RedCarpetStrapless_Bra_Nude_nostraps.jpg,https://tcoimages2.global.ssl.fastly.net/product_images/pictures/10156/medium/Wacoal_RedCarpetStrapless_Bra_Nude_nostraps.jpg?1412102708,https://trueandco.com/bras/wacoal-america/red-carpet-strapless/3148
446,Natori736044CafeCOMPLETE.jpg,https://tcoimages3.global.ssl.fastly.net/product_images/pictures/2399/medium/Natori736044CafeCOMPLETE.jpg?1386978224,https://trueandco.com/bras/natori/hidden-glamour/446
2551,Triumph_DiamondJacquard_Bra_Black.jpg,https://tcoimages1.global.ssl.fastly.net/product_images/pictures/9831/medium/Triumph_DiamondJacquard_Bra_Black.jpg?1402440196,https://trueandco.com/bras/triumph/diamond-jacquard-t-shirt/2551
1552,CKBraNude.jpg,https://tcoimages1.global.ssl.fastly.net/product_images/pictures/8133/medium/CKBraNude.jpg?1386987686,https://trueandco.com/bras/calvin-klein/icon/1552
2506,Claudette_Fishnet_Bra_Black.jpg,https://tcoimages3.global.ssl.fastly.net/product_images/pictures/9896/medium/Claudette_Fishnet_Bra_Black.jpg?1405461390,https://trueandco.com/bras/claudette/fishnet/2506
51,Natori136059Cafe.jpg,https://tcoimages1.global.ssl.fastly.net/product_images/pictures/2445/medium/Natori136059Cafe.jpg?1386978267,https://trueandco.com/bras/natori/sheer-jacquard/51
1608,TCCeleste66296BlackStrapless.jpg,https://tcoimages1.global.ssl.fastly.net/product_images/pictures/8409/medium/TCCeleste66296BlackStrapless.jpg?1386989507,https://trueandco.com/bras/simone-perele/celeste/1608
959,TRUE_Pushup_TR004_BlackDONE.jpg,https://tcoimages2.global.ssl.fastly.net/product_images/pictures/7678/medium/TRUE_Pushup_TR004_BlackDONE.jpg?1386984837,https://trueandco.com/bras/day-to-night/day-no-25-pushup/959
1998,Uniform_Unlined_Underwire_Ash.jpg,https://tcoimages3.global.ssl.fastly.net/product_images/pictures/9662/medium/Uniform_Unlined_Underwire_Ash.jpg?1409700477,https://trueandco.com/bras/uniform/unlined-underwire/1998
530,TCFeelGood60488Blue.jpg,https://tcoimages2.global.ssl.fastly.net/product_images/pictures/1789/medium/TCFeelGood60488Blue.jpg?1386977800,https://trueandco.com/bras/leilieve/feel-good/530
1986,Uniform_ContourDemi_Bra_Ash.jpg,https://tcoimages2.global.ssl.fastly.net/product_images/pictures/9661/medium/Uniform_ContourDemi_Bra_Ash.jpg?1412292456,https://trueandco.com/bras/uniform/contour-demi/1986
3237,Anemone_Slip_On_Bralette_BlackBeigePink.jpg,https://tcoimages2.global.ssl.fastly.net/product_images/pictures/10303/medium/Anemone_Slip_On_Bralette_BlackBeigePink.jpg?1415933415,https://trueandco.com/bras/dolce/sprinkle/3237
1987,Uniform_ContourDemi_Bra_ScallopShell.jpg,https://tcoimages1.global.ssl.fastly.net/product_images/pictures/9660/medium/Uniform_ContourDemi_Bra_ScallopShell.jpg?1412292572,https://trueandco.com/bras/uniform/contour-demi/1987
3240,Anemone_Lace_Longline_Bralette_BlackCharcoalBlue.jpg,https://tcoimages2.global.ssl.fastly.net/product_images/pictures/10291/medium/Anemone_Lace_Longline_Bralette_BlackCharcoalBlue.jpg?1415932622,https://trueandco.com/bras/dolce/sorbet/3240
3238,Anemone_Slip_On_Bralette_BlackWhitePink.jpg,https://tcoimages1.global.ssl.fastly.net/product_images/pictures/10299/medium/Anemone_Slip_On_Bralette_BlackWhitePink.jpg?1415933081,https://trueandco.com/bras/dolce/sprinkle/3238
3239,Anemone_Lace_Longline_Bralette_BlackCharcoalFuchsia.jpg,https://tcoimages3.global.ssl.fastly.net/product_images/pictures/10295/medium/Anemone_Lace_Longline_Bralette_BlackCharcoalFuchsia.jpg?1415932829,https://trueandco.com/bras/dolce/sorbet/3239
61,Spanx_Braliminate_1488_Nude.jpg,https://tcoimages1.global.ssl.fastly.net/product_images/pictures/5454/medium/Spanx_Braliminate_1488_Nude.jpg?1386981549,https://trueandco.com/bras/spanx/braliminate/61
2368,Felina_Marielle_Bra_BlueDot.jpg,https://tcoimages2.global.ssl.fastly.net/product_images/pictures/9952/medium/Felina_Marielle_Bra_BlueDot.jpg?1406781661,https://trueandco.com/bras/felina/marielle/2368
2581,CK_ModernComfort_Bralette_White.jpg,https://tcoimages3.global.ssl.fastly.net/product_images/pictures/9857/medium/CK_ModernComfort_Bralette_White.jpg?1402901826,https://trueandco.com/bras/calvin-klein/modern-cotton/2581
1999,Uniform_Unlined_Underwire_Scallop.jpg,https://tcoimages1.global.ssl.fastly.net/product_images/pictures/9654/medium/Uniform_Unlined_Underwire_Scallop.jpg?1409700468,https://trueandco.com/bras/uniform/unlined-underwire/1999
39,Natori_Bare_Support_1338103_Nude.jpg,https://tcoimages3.global.ssl.fastly.net/product_images/pictures/2054/medium/Natori_Bare_Support_1338103_Nude.jpg?1386977970,https://trueandco.com/bras/natori/bare-support/39
595,TCColette61239Pebble_.jpg,https://tcoimages2.global.ssl.fastly.net/product_images/pictures/4273/medium/TCColette61239Pebble_.jpg?1386980111,https://trueandco.com/bras/eberjey/colette/595
3147,Wacoal_LaFemmeContour_Bra_Black.jpg,https://tcoimages2.global.ssl.fastly.net/product_images/pictures/10102/medium/Wacoal_LaFemmeContour_Bra_Black.jpg?1411952601,https://trueandco.com/bras/wacoal/la-femme-contour/3147
780,TCEmmaElegance61570Eclipse.jpg,https://tcoimages1.global.ssl.fastly.net/product_images/pictures/5715/medium/TCEmmaElegance61570Eclipse.jpg?1386982007,https://trueandco.com/bras/clo-intimo/fortuna/780
2527,Felina_Marielle_Bra_TanDot.jpg,https://tcoimages3.global.ssl.fastly.net/product_images/pictures/9953/medium/Felina_Marielle_Bra_TanDot.jpg?1406781679,https://trueandco.com/bras/felina/marielle/2527
3142,Wacoal_HaloContourSpacer_Bra_Nude.jpg,https://tcoimages1.global.ssl.fastly.net/product_images/pictures/10107/medium/Wacoal_HaloContourSpacer_Bra_Nude.jpg?1411780620,https://trueandco.com/bras/wacoal/halo-contour-spacer/3142
1656,MovingComfort_Fiona_350003201_SportsBras_Black_Front.jpg,https://tcoimages3.global.ssl.fastly.net/product_images/pictures/8237/medium/MovingComfort_Fiona_350003201_SportsBras_Black_Front.jpg?1386988296,https://trueandco.com/bras/moving-comfort/fiona/1656
1609,SP_Celeste_nude.jpg,https://tcoimages2.global.ssl.fastly.net/product_images/pictures/8404/medium/SP_Celeste_nude.jpg?1386989462,https://trueandco.com/bras/simone-perele/celeste/1609
1797,Natori_Understated_132025_Black.jpg,https://tcoimages3.global.ssl.fastly.net/product_images/pictures/9050/medium/Natori_Understated_132025_Black.jpg?1389048146,https://trueandco.com/bras/natori/understated/1797
3146,Wacoal_LaFemmeContour_Bra_Nude.jpg,https://tcoimages3.global.ssl.fastly.net/product_images/pictures/10103/medium/Wacoal_LaFemmeContour_Bra_Nude.jpg?1411780546,https://trueandco.com/bras/wacoal/la-femme-contour/3146
1402,Claudette101001001BlackAGAIN.jpg,https://tcoimages1.global.ssl.fastly.net/product_images/pictures/9246/medium/Claudette101001001BlackAGAIN.jpg?1389125683,https://trueandco.com/bras/claudette/sophia-icon/1402
1378,OnGossamer_Mesh_Black.jpg,https://tcoimages1.global.ssl.fastly.net/product_images/pictures/9363/medium/OnGossamer_Mesh_Black.jpg?1390960040,https://trueandco.com/bras/ongossamer/gossamer-mesh/1378
1672,Triumph_ForbiddenLace_1774_DemiBra_Black.jpg,https://tcoimages3.global.ssl.fastly.net/product_images/pictures/8705/medium/Triumph_ForbiddenLace_1774_DemiBra_Black.jpg?1386991792,https://trueandco.com/bras/triumph/forbidden-lace/1672
3072,Natori_Feathers_Bra_RussianRed.jpg,https://tcoimages2.global.ssl.fastly.net/product_images/pictures/10237/medium/Natori_Feathers_Bra_RussianRed.jpg?1415041370,https://trueandco.com/bras/natori/feathers/3072
2310,Claudette_SophiaIcon_Bra_ClubMed.jpg,https://tcoimages3.global.ssl.fastly.net/product_images/pictures/10019/medium/Claudette_SophiaIcon_Bra_ClubMed.jpg?1409854362,https://trueandco.com/bras/claudette/sophia-icon/2310
2575,OG_GossamerMesh_BumpitUp_Aqua_Surf.jpg,https://tcoimages1.global.ssl.fastly.net/product_images/pictures/9978/medium/OG_GossamerMesh_BumpitUp_Aqua_Surf.jpg?1408150662,https://trueandco.com/bras/ongossamer/bump-it-up/2575
1674,Triumph_Beauty_Full.jpg,https://tcoimages1.global.ssl.fastly.net/product_images/pictures/8487/medium/Triumph_Beauty_Full.jpg?1386989825,https://trueandco.com/bras/triumph/beauty-full/1674
2311,Claudette_SophiaIcon_Bra_Cayenne.jpg,https://tcoimages2.global.ssl.fastly.net/product_images/pictures/10018/medium/Claudette_SophiaIcon_Bra_Cayenne.jpg?1409854299,https://trueandco.com/bras/claudette/sophia-icon/2311
1390,BetseyJohnson_723803_BlueYellow.jpg,https://tcoimages2.global.ssl.fastly.net/product_images/pictures/9307/medium/BetseyJohnson_723803_BlueYellow.jpg?1390267527,https://trueandco.com/bras/betsey-johnson/stocking-stripe/1390
2308,Blush_Whisper_Bra_NocturneBlue.jpg,https://tcoimages2.global.ssl.fastly.net/product_images/pictures/9877/medium/Blush_Whisper_Bra_NocturneBlue.jpg?1403152712,https://trueandco.com/bras/blush/whisper/2308
1675,Triumph_AmazingSensation_MinimizerBra_1831_Nude.jpg,https://tcoimages2.global.ssl.fastly.net/product_images/pictures/8704/medium/Triumph_AmazingSensation_MinimizerBra_1831_Nude.jpg?1386991786,https://trueandco.com/bras/triumph/amazing-sensation/1675
2996,CloIntimo_Kali_Bralette_Black.jpg,https://tcoimages1.global.ssl.fastly.net/product_images/pictures/10182/medium/CloIntimo_Kali_Bralette_Black.jpg?1412696466,https://trueandco.com/bras/clo-intimo/kali/2996
3144,Wacoal_Halo_Bra_Black.jpg,https://tcoimages2.global.ssl.fastly.net/product_images/pictures/10105/medium/Wacoal_Halo_Bra_Black.jpg?1411632053,https://trueandco.com/bras/wacoal/halo-molded/3144
721,CK_Perfectly_Fit_F3223_Black.jpg,https://tcoimages3.global.ssl.fastly.net/product_images/pictures/3401/medium/CK_Perfectly_Fit_F3223_Black.jpg?1386978866,https://trueandco.com/bras/calvin-klein/perfectly-fit-5-way/721
1796,Natori_Understated_132025_Nude.jpg,https://tcoimages1.global.ssl.fastly.net/product_images/pictures/9066/medium/Natori_Understated_132025_Nude.jpg?1389126172,https://trueandco.com/bras/natori/understated/1796
2318,Natori_Feathers_Bra_Cocoa.jpg,https://tcoimages3.global.ssl.fastly.net/product_images/pictures/9830/medium/Natori_Feathers_Bra_Cocoa.jpg?1402439675,https://trueandco.com/bras/natori/feathers/2318
1044,PTT_Nude_Nude107_UnderwireTriangle_Black.jpg,https://tcoimages3.global.ssl.fastly.net/product_images/pictures/7700/medium/PTT_Nude_Nude107_UnderwireTriangle_Black.jpg?1386984933,https://trueandco.com/bras/princesse-tam-tam/nude/1044
2548,Blush_Victory_Bra_Obsidian.jpg,https://tcoimages2.global.ssl.fastly.net/product_images/pictures/10324/medium/Blush_Victory_Bra_Obsidian.jpg?1416259137,https://trueandco.com/bras/blush/victory-longline/2548
3095,CoreyVine_SportsBra_Purple.jpg,https://tcoimages1.global.ssl.fastly.net/product_images/pictures/10047/medium/CoreyVine_SportsBra_Purple.jpg?1410300103,https://trueandco.com/bras/cory-vines/lane-racerback/3095
1143,DanaCoStructuredBraGrey.jpg,https://tcoimages3.global.ssl.fastly.net/product_images/pictures/7856/medium/DanaCoStructuredBraGrey.jpg?1386986061,https://trueandco.com/bras/natori/mod/1143
1836,Natori_GeoIcon_Demi_Black.,https://tcoimages3.global.ssl.fastly.net/product_images/pictures/9242/medium/Natori_GeoIcon_Demi_Black.?1389124589,https://trueandco.com/bras/natori/geo-icon/1836
2316,Josie_Bardot_Bra_Blue.jpg,https://tcoimages2.global.ssl.fastly.net/product_images/pictures/9874/medium/Josie_Bardot_Bra_Blue.jpg?1403152145,https://trueandco.com/bras/josie/bardot/2316
3210,Bra_Red2_copy.jpg,https://tcoimages2.global.ssl.fastly.net/product_images/pictures/10225/medium/Bra_Red2_copy.jpg?1413930609,https://trueandco.com/bras/choux/bond/3210
3138,Wacoal_AwarenessSeamless_Bra_Black.jpg,https://tcoimages2.global.ssl.fastly.net/product_images/pictures/10111/medium/Wacoal_AwarenessSeamless_Bra_Black.jpg?1411632143,https://trueandco.com/bras/wacoal/awareness-seamless/3138
1673,Triumph_Amourette_Spotlight_black.jpg,https://tcoimages3.global.ssl.fastly.net/product_images/pictures/8489/medium/Triumph_Amourette_Spotlight_black.jpg?1386989831,https://trueandco.com/bras/triumph/amourette-spotlight/1673
1389,BJ_Stocking_Stripe_purple.jpg,https://tcoimages2.global.ssl.fastly.net/product_images/pictures/8326/medium/BJ_Stocking_Stripe_purple.jpg?1386988930,https://trueandco.com/bras/betsey-johnson/stocking-stripe/1389
860,FF_Go_Bare_Backless_Strapless_P6530_Black.jpg,https://tcoimages3.global.ssl.fastly.net/product_images/pictures/5864/medium/FF_Go_Bare_Backless_Strapless_P6530_Black.jpg?1386982205,https://trueandco.com/bras/fashion-forms/go-bare-backless-strapless/860
2337,Montelle_PurePlus_FullCoverageBra_BlueCashmere.jpg,https://tcoimages1.global.ssl.fastly.net/product_images/pictures/10164/medium/Montelle_PurePlus_FullCoverageBra_BlueCashmere.jpg?1412131375,https://trueandco.com/bras/montelle/pure-plus/2337
2759,Anita_ExtremeControl_SportsBra_BlackPeacock.jpg,https://tcoimages3.global.ssl.fastly.net/product_images/pictures/10046/medium/Anita_ExtremeControl_SportsBra_BlackPeacock.jpg?1410300010,https://trueandco.com/bras/anita/extreme-control/2759
2329,Betsey_Johnson_Stocking_Stripe_Bra_Dark_Teal.jpg,https://tcoimages3.global.ssl.fastly.net/product_images/pictures/10307/medium/Betsey_Johnson_Stocking_Stripe_Bra_Dark_Teal.jpg?1415933820,https://trueandco.com/bras/betsy-johnson/stocking-stripe/2329
2582,CK_ModernComfort_Bralette_Grey.jpg,https://tcoimages2.global.ssl.fastly.net/product_images/pictures/9862/medium/CK_ModernComfort_Bralette_Grey.jpg?1403150365,https://trueandco.com/bras/calvin-klein/modern-cotton/2582
2282,Triumph_PerfectlySoft_Bra_Campari.jpg,https://tcoimages2.global.ssl.fastly.net/product_images/pictures/9514/medium/Triumph_PerfectlySoft_Bra_Campari.jpg?1396484554,https://trueandco.com/bras/triumph/perfectly-soft/2282
1926,Triumph_AmazingSensation_Black.jpg,https://tcoimages3.global.ssl.fastly.net/product_images/pictures/9392/medium/Triumph_AmazingSensation_Black.jpg?1392158006,https://trueandco.com/bras/triumph/amazing-sensation/1926
3036,Natori_Lynx_Bra_Black.jpg,https://tcoimages1.global.ssl.fastly.net/product_images/pictures/10113/medium/Natori_Lynx_Bra_Black.jpg?1411632858,https://trueandco.com/bras/natori/lynx/3036
1379,OnGossamer_Mesh_Champagne.jpg,https://tcoimages3.global.ssl.fastly.net/product_images/pictures/9362/medium/OnGossamer_Mesh_Champagne.jpg?1390959450,https://trueandco.com/bras/ongossamer/gossamer-mesh/1379
596,TCColette61242White.jpg,https://tcoimages1.global.ssl.fastly.net/product_images/pictures/4254/medium/TCColette61242White.jpg?1386980088,https://trueandco.com/bras/eberjey/colette/596
861,FF_Go_Bare_Backless_Strapless_P6530_Nude.jpg,https://tcoimages1.global.ssl.fastly.net/product_images/pictures/4548/medium/FF_Go_Bare_Backless_Strapless_P6530_Nude.jpg?1386980332,https://trueandco.com/bras/fashion-forms/go-bare-backless-strapless/861
862,FF_Backless_Strapless_Lace_P6538_Black.jpg,https://tcoimages2.global.ssl.fastly.net/product_images/pictures/4546/medium/FF_Backless_Strapless_Lace_P6538_Black.jpg?1386980319,https://trueandco.com/bras/fashion-forms/backless-strapless-lace/862
3080,Natori_Feathers_PurpleOrchid_Photoshop.jpg,https://tcoimages2.global.ssl.fastly.net/product_images/pictures/10198/medium/Natori_Feathers_PurpleOrchid_Photoshop.jpg?1413323054,https://trueandco.com/bras/natori/feathers/3080
2315,Natori_SheerJacquard_Bra_Purple.jpg,https://tcoimages1.global.ssl.fastly.net/product_images/pictures/9921/medium/Natori_SheerJacquard_Bra_Purple.jpg?1405982290,https://trueandco.com/bras/natori/sheer-jaquard/2315
2525,Claudette_Fishnet_Bra_Goldie.jpg,https://tcoimages3.global.ssl.fastly.net/product_images/pictures/9614/medium/Claudette_Fishnet_Bra_Goldie.jpg?1400103273,https://trueandco.com/bras/claudette/fishnet/2525
2571,BetseyJohnson_Bra_BlackStriped.jpg,https://tcoimages2.global.ssl.fastly.net/product_images/pictures/9973/medium/BetseyJohnson_Bra_BlackStriped.jpg?1407253146,https://trueandco.com/bras/betsy-johnson/stocking-stripe/2571
1730,Lelieve_FeelGood_Nude.,https://tcoimages2.global.ssl.fastly.net/product_images/pictures/9004/medium/Lelieve_FeelGood_Nude.?1386994310,https://trueandco.com/bras/leilieve/feel-good/1730
960,TRUE_Pushup_TR004_NudeDONE.jpg,https://tcoimages2.global.ssl.fastly.net/product_images/pictures/7630/medium/TRUE_Pushup_TR004_NudeDONE.jpg?1386984595,https://trueandco.com/bras/day-to-night/day-no-25-pushup/960
1834,12.13BraletteBlack,https://tcoimages2.global.ssl.fastly.net/product_images/pictures/9247/medium/12.13BraletteBlack?1389125459,https://trueandco.com/bras/triumph/amourette/1834
2338,PlusSizeBra_Brown2.jpg,https://tcoimages1.global.ssl.fastly.net/product_images/pictures/9990/medium/PlusSizeBra_Brown2.jpg?1408984428,https://trueandco.com/bras/montelle/pure-plus/2338
2331,OnGossamer_BumpItUp_Bra_Purple.jpg,https://tcoimages2.global.ssl.fastly.net/product_images/pictures/9991/medium/OnGossamer_BumpItUp_Bra_Purple.jpg?1408984548,https://trueandco.com/bras/ongossamer/bump-it-up/2331
611,FF_Nubra_BQ845.jpg,https://tcoimages1.global.ssl.fastly.net/product_images/pictures/5853/medium/FF_Nubra_BQ845.jpg?1386982187,https://trueandco.com/bras/fashion-forms/nubra/611
89,Natori_Calais_nude.jpg,https://tcoimages1.global.ssl.fastly.net/product_images/pictures/3111/medium/Natori_Calais_nude.jpg?1386978637,https://trueandco.com/bras/natori/calais/89
3037,Natori_Lynx_Bra_Nude.jpg,https://tcoimages3.global.ssl.fastly.net/product_images/pictures/10112/medium/Natori_Lynx_Bra_Nude.jpg?1411632848,https://trueandco.com/bras/natori/lynx/3037
3226,CK_ModernCotton_Bralette_Wine.jpg,https://tcoimages1.global.ssl.fastly.net/product_images/pictures/10227/medium/CK_ModernCotton_Bralette_Wine.jpg?1414116530,https://trueandco.com/bras/calvin-klein/modern-cotton/3226
1825,BlushBraletteBlack.jpg,https://tcoimages1.global.ssl.fastly.net/product_images/pictures/9258/medium/BlushBraletteBlack.jpg?1403203682,https://trueandco.com/bras/honeydew/camellia/1825
722,CK_Perfectly_Fit_F3223_Nude.jpg,https://tcoimages2.global.ssl.fastly.net/product_images/pictures/3508/medium/CK_Perfectly_Fit_F3223_Nude.jpg?1386978943,https://trueandco.com/bras/calvin-klein/perfectly-fit-5-way/722
1377,OnGossamer_BareIllusion_Wirefree_Black.jpg,https://tcoimages2.global.ssl.fastly.net/product_images/pictures/9685/medium/OnGossamer_BareIllusion_Wirefree_Black.jpg?1400699394,https://trueandco.com/bras/ongossamer/bare-illusion/1377
1837,Natori_GeoIcon_Nude.,https://tcoimages1.global.ssl.fastly.net/product_images/pictures/9243/medium/Natori_GeoIcon_Nude.?1389124595,https://trueandco.com/bras/natori/geo-icon/1837
1234,LeMystere9978BlackBra.jpg,https://tcoimages1.global.ssl.fastly.net/product_images/pictures/7929/medium/LeMystere9978BlackBra.jpg?1386986441,https://trueandco.com/bras/le-mystere/safari/1234
2280,Josie_Bardot_Bra_Purple.jpg,https://tcoimages3.global.ssl.fastly.net/product_images/pictures/9803/medium/Josie_Bardot_Bra_Purple.jpg?1402346864,https://trueandco.com/bras/josie/bardot/2280
2105,CK_PerfectlyFitLace_Bra_AshfordGray.jpg,https://tcoimages1.global.ssl.fastly.net/product_images/pictures/9933/medium/CK_PerfectlyFitLace_Bra_AshfordGray.jpg?1405983112,https://trueandco.com/bras/calvin-klein/perfectly-fit-w-lace/2105
3032,OnGossamer_BareIllusion_Bra_Nude.jpg,https://tcoimages2.global.ssl.fastly.net/product_images/pictures/9988/medium/OnGossamer_BareIllusion_Bra_Nude.jpg?1408365635,https://trueandco.com/bras/ongossamer/bare-illusion/3032
1824,Honeydew_Camellia_TriangleBralette_black_redo.jpg,https://tcoimages3.global.ssl.fastly.net/product_images/pictures/9314/medium/Honeydew_Camellia_TriangleBralette_black_redo.jpg?1403203613,https://trueandco.com/bras/honeydew/camellia/1824
2576,Triumph_BodyMakeUp_Bra_CampariOrange.jpg,https://tcoimages1.global.ssl.fastly.net/product_images/pictures/9777/medium/Triumph_BodyMakeUp_Bra_CampariOrange.jpg?1401928161,https://trueandco.com/bras/triumph/body-make-up/2576
2516,Montelle_Romance_Bra_Maroon.jpg,https://tcoimages2.global.ssl.fastly.net/product_images/pictures/9835/medium/Montelle_Romance_Bra_Maroon.jpg?1402441966,https://trueandco.com/bras/montelle/romance/2516
2333,Montelle_Coquette_BlueCashmere.jpg,https://tcoimages2.global.ssl.fastly.net/product_images/pictures/9838/medium/Montelle_Coquette_BlueCashmere.jpg?1402442685,https://trueandco.com/bras/montelle/coquette/2333
2232,Eberjey_Sloane_Bralette_Gunmetal.jpg,https://tcoimages3.global.ssl.fastly.net/product_images/pictures/9779/medium/Eberjey_Sloane_Bralette_Gunmetal.jpg?1401929152,https://trueandco.com/bras/eberjey/sloane/2232
3221,Josie_Bardot_Bra_BordeauxSpicyPink.jpg,https://tcoimages1.global.ssl.fastly.net/product_images/pictures/10188/medium/Josie_Bardot_Bra_BordeauxSpicyPink.jpg?1413224426,https://trueandco.com/bras/josie/bardot/3221
3106,Blush_SoftSeduction_UnlinedBra_Black.jpg,https://tcoimages2.global.ssl.fastly.net/product_images/pictures/10084/medium/Blush_SoftSeduction_UnlinedBra_Black.jpg?1411169600,https://trueandco.com/bras/blush/soft-seduction/3106
1053,PTT_Nude_Nude107_UnderwireTriangle_Powder.jpg,https://tcoimages3.global.ssl.fastly.net/product_images/pictures/7691/medium/PTT_Nude_Nude107_UnderwireTriangle_Powder.jpg?1386984892,https://trueandco.com/bras/princesse-tam-tam/nude/1053
2587,Montelle_Romance_Bralette_Sapphire.jpg,https://tcoimages1.global.ssl.fastly.net/product_images/pictures/9780/medium/Montelle_Romance_Bralette_Sapphire.jpg?1401929579,https://trueandco.com/bras/montelle/romance/2587
88,Natori_Calais_black.jpg,https://tcoimages3.global.ssl.fastly.net/product_images/pictures/3125/medium/Natori_Calais_black.jpg?1386978650,https://trueandco.com/bras/natori/calais/88
3215,CK_InfiniteLace_PlungeBra_Black.jpg,https://tcoimages2.global.ssl.fastly.net/product_images/pictures/10165/medium/CK_InfiniteLace_PlungeBra_Black.jpg?1412131529,https://trueandco.com/bras/calvin-klein/infinite-lace-plunge/3215
2352,Triumph_Forbidden_Lace_Skyline.jpg,https://tcoimages3.global.ssl.fastly.net/product_images/pictures/10184/medium/Triumph_Forbidden_Lace_Skyline.jpg?1412879378,https://trueandco.com/bras/triumph/seduction-forbidden-lace/2352
1864,Luli_Kassa_bra.jpg,https://tcoimages3.global.ssl.fastly.net/product_images/pictures/9380/medium/Luli_Kassa_bra.jpg?1391803647,https://trueandco.com/bras/luli/kassa/1864
3235,Miel_Nana_Nude.jpg,https://tcoimages2.global.ssl.fastly.net/product_images/pictures/10186/medium/Miel_Nana_Nude.jpg?1412882992,https://trueandco.com/bras/miel/nana/3235
3223,Josie_Bardot_Bra_DeepPlumPool.jpg,https://tcoimages3.global.ssl.fastly.net/product_images/pictures/10187/medium/Josie_Bardot_Bra_DeepPlumPool.jpg?1413224373,https://trueandco.com/bras/josie/bardot/3223
2314,Claudette_Dessous_Bra_Dahlia.jpg,https://tcoimages2.global.ssl.fastly.net/product_images/pictures/9916/medium/Claudette_Dessous_Bra_Dahlia.jpg?1405981274,https://trueandco.com/bras/claudette/dessous/2314
2768,MovingComfort_Fiona_SportsBra_Crush.jpg,https://tcoimages3.global.ssl.fastly.net/product_images/pictures/9899/medium/MovingComfort_Fiona_SportsBra_Crush.jpg?1405551570,https://trueandco.com/bras/moving-comfort/fiona/2768
1877,Eberjey_Zinia_B1319L_Bralette_Chartreuse.jpg,https://tcoimages2.global.ssl.fastly.net/product_images/pictures/9214/medium/Eberjey_Zinia_B1319L_Bralette_Chartreuse.jpg?1389054384,https://trueandco.com/bras/eberjey/zinia/1877
2526,Claudette_Bralette_PinkGrey.jpg,https://tcoimages2.global.ssl.fastly.net/product_images/pictures/9619/medium/Claudette_Bralette_PinkGrey.jpg?1400262159,https://trueandco.com/bras/claudette/dessous-longline/2526
2323,EM_WindChime_Bra_Hollyhock.jpg,https://tcoimages1.global.ssl.fastly.net/product_images/pictures/9846/medium/EM_WindChime_Bra_Hollyhock.jpg?1402450406,https://trueandco.com/bras/elle-macpherson/wind-chime/2323
3236,Miel_Nana_Red.jpg,https://tcoimages1.global.ssl.fastly.net/product_images/pictures/10185/medium/Miel_Nana_Red.jpg?1412882960,https://trueandco.com/bras/miel/nana/3236
2529,Spanx_StraplessBra_Black.jpg,https://tcoimages1.global.ssl.fastly.net/product_images/pictures/9615/medium/Spanx_StraplessBra_Black.jpg?1400103337,https://trueandco.com/bras/spanx/bra-cha-cha/2529
1165,Panache_Envy_7285_Nude.jpg,https://tcoimages3.global.ssl.fastly.net/product_images/pictures/7877/medium/Panache_Envy_7285_Nude.jpg?1386986162,https://trueandco.com/bras/panache/envy/1165
3139,Wacoal_AwarenessSeamless_Bra_Nude.jpg,https://tcoimages1.global.ssl.fastly.net/product_images/pictures/10110/medium/Wacoal_AwarenessSeamless_Bra_Nude.jpg?1411952964,https://trueandco.com/bras/wacoal/awareness-seamless/3139
3141,Wacoal_EmbraceLaceContour_Bra_Nude.jpg,https://tcoimages2.global.ssl.fastly.net/product_images/pictures/10108/medium/Wacoal_EmbraceLaceContour_Bra_Nude.jpg?1412103359,https://trueandco.com/bras/wacoal-america/embrace-lace-uw/3141
2313,Claudette_Dessous_Bra_PointeShoe.jpg,https://tcoimages1.global.ssl.fastly.net/product_images/pictures/9918/medium/Claudette_Dessous_Bra_PointeShoe.jpg?1405981341,https://trueandco.com/bras/claudette/dessous/2313
2607,Blush_SoftSeduction_UnlinedBra_Emerald.jpg,https://tcoimages2.global.ssl.fastly.net/product_images/pictures/9865/medium/Blush_SoftSeduction_UnlinedBra_Emerald.jpg?1403151018,https://trueandco.com/bras/blush/soft-seduction/2607
744,CK_Push_Positive_F3495_Black.jpg,https://tcoimages2.global.ssl.fastly.net/product_images/pictures/2863/medium/CK_Push_Positive_F3495_Black.jpg?1386978493,https://trueandco.com/bras/calvin-klein/push-positive/744
2758,Natori_PowerYogi_SportsBra_CeruleanGlory.jpg,https://tcoimages1.global.ssl.fastly.net/product_images/pictures/9972/medium/Natori_PowerYogi_SportsBra_CeruleanGlory.jpg?1406782985,https://trueandco.com/bras/natori/power-yogi/2758
2573,Parfait_Carole_Bra_black.jpg,https://tcoimages2.global.ssl.fastly.net/product_images/pictures/9958/medium/Parfait_Carole_Bra_black.jpg?1406782091,https://trueandco.com/bras/parfait/carole/2573
2101,CK_SeductiveComfort_Bra_PythonBluePrint.jpg,https://tcoimages1.global.ssl.fastly.net/product_images/pictures/9942/medium/CK_SeductiveComfort_Bra_PythonBluePrint.jpg?1405984799,https://trueandco.com/bras/calvin-klein/seductive-comfort/2101
2312,Claudette_Dessous_Bra_BlondieBlack.jpg,https://tcoimages3.global.ssl.fastly.net/product_images/pictures/9917/medium/Claudette_Dessous_Bra_BlondieBlack.jpg?1405981328,https://trueandco.com/bras/claudette/dessous/2312
356,Panache_Andorra_5675_Black.jpg,https://tcoimages3.global.ssl.fastly.net/product_images/pictures/1853/medium/Panache_Andorra_5675_Black.jpg?1386977846,https://trueandco.com/bras/panache/andorra/356
2364,Triumph_PerfectlySoft_Bra_RhumbaRed.jpg,https://tcoimages1.global.ssl.fastly.net/product_images/pictures/9915/medium/Triumph_PerfectlySoft_Bra_RhumbaRed.jpg?1405980734,https://trueandco.com/bras/triumph/everyday-perfectly-soft/2364
465,TCPosh30506Royal.jpg,https://tcoimages2.global.ssl.fastly.net/product_images/pictures/1639/medium/TCPosh30506Royal.jpg?1386977724,https://trueandco.com/bras/josie/posh/465
1936,Bralette_BlueWhiteStripes.jpg,https://tcoimages1.global.ssl.fastly.net/product_images/pictures/9399/medium/Bralette_BlueWhiteStripes.jpg?1399514390,https://trueandco.com/bras/splendid/rope-stripe/1936
2317,Natori_Feathers_Bra_DeepSeaBlue.jpg,https://tcoimages2.global.ssl.fastly.net/product_images/pictures/9829/medium/Natori_Feathers_Bra_DeepSeaBlue.jpg?1402439659,https://trueandco.com/bras/natori/feathers/2317
1795,Josie847166SpicyEssentialsBlackPinkLighteningALTERNATE.jpg,https://tcoimages2.global.ssl.fastly.net/product_images/pictures/9064/medium/Josie847166SpicyEssentialsBlackPinkLighteningALTERNATE.jpg?1387391309,https://trueandco.com/bras/josie/spicy-essentials/1795
2606,Blush_SoftSeduction_LinedBra_AgaveTeal.jpg,https://tcoimages3.global.ssl.fastly.net/product_images/pictures/9866/medium/Blush_SoftSeduction_LinedBra_AgaveTeal.jpg?1403151332,https://trueandco.com/bras/blush/soft-seduction/2606
3197,CK_PerfectlyFitModernTShirtBra_Bra_Black.jpg,https://tcoimages3.global.ssl.fastly.net/product_images/pictures/10166/medium/CK_PerfectlyFitModernTShirtBra_Bra_Black.jpg?1412131564,https://trueandco.com/bras/calvin-klein/perfectly-fit-modern-t-shirt-bra/3197
1940,Kensie_Bra_Riley.jpg,https://tcoimages3.global.ssl.fastly.net/product_images/pictures/9395/medium/Kensie_Bra_Riley.jpg?1392320356,https://trueandco.com/bras/kensie/riley/1940
2319,Natori_Feathers_Bra_Burgundy.jpg,https://tcoimages1.global.ssl.fastly.net/product_images/pictures/9828/medium/Natori_Feathers_Bra_Burgundy.jpg?1402439638,https://trueandco.com/bras/natori/feathers/2319
2511,EM_Dentelle_LinedBra_AmparoBlueSpray.jpg,https://tcoimages1.global.ssl.fastly.net/product_images/pictures/9876/medium/EM_Dentelle_LinedBra_AmparoBlueSpray.jpg?1403152481,https://trueandco.com/bras/elle-macpherson/dentelle/2511
2774,MovingComfort_Juno_SportsBra_Crimson.jpg,https://tcoimages1.global.ssl.fastly.net/product_images/pictures/9900/medium/MovingComfort_Juno_SportsBra_Crimson.jpg?1405551624,https://trueandco.com/bras/moving-comfort/juno/2774
2248,BCBG_Sally_BandeauBralette_Yellow.jpg,https://tcoimages3.global.ssl.fastly.net/product_images/pictures/9854/medium/BCBG_Sally_BandeauBralette_Yellow.jpg?1402595682,https://trueandco.com/bras/bcbg/sally/2248
640,Claudette_Dessous_Bra_Black.jpg,https://tcoimages2.global.ssl.fastly.net/product_images/pictures/319/medium/Claudette_Dessous_Bra_Black.jpg?1405981219,https://trueandco.com/bras/claudette/dessous/640
2340,PurePlus_Wine_Photoshop.jpg,https://tcoimages3.global.ssl.fastly.net/product_images/pictures/10199/medium/PurePlus_Wine_Photoshop.jpg?1413323559,https://trueandco.com/bras/montelle/pure-plus/2340
3107,Blush_SoftSeduction_LinedBra_Black.jpg,https://tcoimages1.global.ssl.fastly.net/product_images/pictures/10083/medium/Blush_SoftSeduction_LinedBra_Black.jpg?1411169577,https://trueandco.com/bras/blush/soft-seduction/3107
1352,Chantelle_RiveGauche_65293_FullCoverageBra_Cappuccino.jpg,https://tcoimages2.global.ssl.fastly.net/product_images/pictures/8233/medium/Chantelle_RiveGauche_65293_FullCoverageBra_Cappuccino.jpg?1386988271,https://trueandco.com/bras/chantelle/rive-gauche/1352
2339,Montelle_WireFree_Bra_LacePrintBlack.jpg,https://tcoimages1.global.ssl.fastly.net/product_images/pictures/9939/medium/Montelle_WireFree_Bra_LacePrintBlack.jpg?1405984201,https://trueandco.com/bras/montelle/wirefree/2339
1658,MovingComfort_Juno_350025001_SportsBra_Black_Front.jpg,https://tcoimages2.global.ssl.fastly.net/product_images/pictures/8239/medium/MovingComfort_Juno_350025001_SportsBra_Black_Front.jpg?1386988308,https://trueandco.com/bras/moving-comfort/juno/1658
2336,Montelle_Coquette_AuraMist.jpg,https://tcoimages3.global.ssl.fastly.net/product_images/pictures/9836/medium/Montelle_Coquette_AuraMist.jpg?1402442653,https://trueandco.com/bras/montelle/coquette/2336
1051,TCNude63734Nude.jpg,https://tcoimages1.global.ssl.fastly.net/product_images/pictures/7674/medium/TCNude63734Nude.jpg?1386984824,https://trueandco.com/bras/princesse-tam-tam/nude/1051
638,Claudette_Cool_Cotton_CD_8008_Mauve.jpg,https://tcoimages2.global.ssl.fastly.net/product_images/pictures/1165/medium/Claudette_Cool_Cotton_CD_8008_Mauve.jpg?1386977587,https://trueandco.com/bras/claudette/cool-cotton/638
2579,Splendid_Rope_Stripe_bralette.jpg,https://tcoimages1.global.ssl.fastly.net/product_images/pictures/9792/medium/Splendid_Rope_Stripe_bralette.jpg?1402319686,https://trueandco.com/bras/splendid/splendid-stripe/2579
2604,Blush_SoftSeduction_UnlinedBra_AgaveTeal.jpg,https://tcoimages2.global.ssl.fastly.net/product_images/pictures/9889/medium/Blush_SoftSeduction_UnlinedBra_AgaveTeal.jpg?1404170595,https://trueandco.com/bras/blush/soft-seduction/2604
1841,Freya_DecoHoney_AA1254_Cobalt.jpg,https://tcoimages1.global.ssl.fastly.net/product_images/pictures/9234/medium/Freya_DecoHoney_AA1254_Cobalt.jpg?1389123460,https://trueandco.com/bras/freya/deco/1841
1455,Natori_HiddenGlamour_DemiBra_Passion_Pink.jpg,https://tcoimages3.global.ssl.fastly.net/product_images/pictures/9257/medium/Natori_HiddenGlamour_DemiBra_Passion_Pink.jpg?1389126586,https://trueandco.com/bras/natori/hidden-glamour/1455
1627,CK_Icon_F3646_Delilah.jpg,https://tcoimages1.global.ssl.fastly.net/product_images/pictures/9267/medium/CK_Icon_F3646_Delilah.jpg?1389832580,https://trueandco.com/bras/calvin-klein/icon/1627
527,Lelieve_994_Black_web.jpg,https://tcoimages2.global.ssl.fastly.net/product_images/pictures/2371/medium/Lelieve_994_Black_web.jpg?1386978202,https://trueandco.com/bras/leilieve/feel-good/527
2320,EM_WindChime_Balconette_Bra_Black.jpg,https://tcoimages2.global.ssl.fastly.net/product_images/pictures/9898/medium/EM_WindChime_Balconette_Bra_Black.jpg?1405547798,https://trueandco.com/bras/elle-macpherson/wind-chime/2320
3035,OG_GossamerMesh_BumpitUp_Black.jpg,https://tcoimages3.global.ssl.fastly.net/product_images/pictures/9977/medium/OG_GossamerMesh_BumpitUp_Black.jpg?1408150595,https://trueandco.com/bras/ongossamer/bump-it-up/3035
1166,OG_Gossamer_Mesh_3201_Nude.jpg,https://tcoimages3.global.ssl.fastly.net/product_images/pictures/7784/medium/OG_Gossamer_Mesh_3201_Nude.jpg?1386985520,https://trueandco.com/bras/ongossamer/gossamer-mesh/1166
1840,ElleMacpherson_Dentelle_DemiBra_Navy2.jpg,https://tcoimages3.global.ssl.fastly.net/product_images/pictures/9266/medium/ElleMacpherson_Dentelle_DemiBra_Navy2.jpg?1389724591,https://trueandco.com/bras/elle-macpherson/dentelle/1840
2543,Blush_SoftSeduction_LinedBra_Evergreen.jpg,https://tcoimages3.global.ssl.fastly.net/product_images/pictures/9989/medium/Blush_SoftSeduction_LinedBra_Evergreen.jpg?1408659584,https://trueandco.com/bras/blush/soft-seduction/2543
2605,Blush_SoftSeduction_LinedBra_PurpleJasmine.jpg,https://tcoimages1.global.ssl.fastly.net/product_images/pictures/9867/medium/Blush_SoftSeduction_LinedBra_PurpleJasmine.jpg?1403151357,https://trueandco.com/bras/blush/soft-seduction/2605
1846,Luli_Isa_IM014N_Demi_Black.,https://tcoimages1.global.ssl.fastly.net/product_images/pictures/9237/medium/Luli_Isa_IM014N_Demi_Black.?1389124126,https://trueandco.com/bras/luli/iza/1846
2523,Montelle_Pure_Racer_9140_black.jpg,https://tcoimages1.global.ssl.fastly.net/product_images/pictures/9897/medium/Montelle_Pure_Racer_9140_black.jpg?1405463357,https://trueandco.com/bras/montelle/pure-lace-racer/2523
2515,Montelle_Romance_Bra_Black.jpg,https://tcoimages1.global.ssl.fastly.net/product_images/pictures/9834/medium/Montelle_Romance_Bra_Black.jpg?1402441781,https://trueandco.com/bras/montelle/romance/2515
1624,CalvinKlein_SeductiveComfort_F2892_KellyPink.jpg,https://tcoimages3.global.ssl.fastly.net/product_images/pictures/9092/medium/CalvinKlein_SeductiveComfort_F2892_KellyPink.jpg?1386994908,https://trueandco.com/bras/calvin-klein/seductive-comfort/1624
2335,Montelle_Coquette_Blush.jpg,https://tcoimages1.global.ssl.fastly.net/product_images/pictures/9837/medium/Montelle_Coquette_Blush.jpg?1402442677,https://trueandco.com/bras/montelle/coquette/2335
2552,Josie_Femme_Bra_CafeDiamond.jpg,https://tcoimages2.global.ssl.fastly.net/product_images/pictures/9784/medium/Josie_Femme_Bra_CafeDiamond.jpg?1401930154,https://trueandco.com/bras/josie/femme/2552
2233,Eberjey_Mabel_Bralette_SugarPetrol.jpg,https://tcoimages1.global.ssl.fastly.net/product_images/pictures/9783/medium/Eberjey_Mabel_Bralette_SugarPetrol.jpg?1401929927,https://trueandco.com/bras/eberjey/mabel/2233
1625,SeductiveComfort_66402_EdisonBlue.jpg,https://tcoimages1.global.ssl.fastly.net/product_images/pictures/9537/medium/SeductiveComfort_66402_EdisonBlue.jpg?1398386847,https://trueandco.com/bras/calvin-klein/seductive-comfort/1625
2242,MielNana_Bra_Grey.jpg,https://tcoimages3.global.ssl.fastly.net/product_images/pictures/9542/medium/MielNana_Bra_Grey.jpg?1398468683,https://trueandco.com/bras/miel/nana/2242
1460,BetseyJohnson_EyeletLace_Blue.jpg,https://tcoimages1.global.ssl.fastly.net/product_images/pictures/9009/medium/BetseyJohnson_EyeletLace_Blue.jpg?1386994341,https://trueandco.com/bras/betsey-johnson/eyelet-lace/1460
1857,PurePlus9020WildOrchid.jpg,https://tcoimages3.global.ssl.fastly.net/product_images/pictures/9245/medium/PurePlus9020WildOrchid.jpg?1389125079,https://trueandco.com/bras/montelle/pure-plus/1857
3093,SWIBL_WeWereVoodoo_Bra_Seaport.jpg,https://tcoimages3.global.ssl.fastly.net/product_images/pictures/10052/medium/SWIBL_WeWereVoodoo_Bra_Seaport.jpg?1413856480,https://trueandco.com/bras/she-walks-in-beauty-light/stardust/3093
528,Lelieve_Feel_Good_994_Navy.jpg,https://tcoimages3.global.ssl.fastly.net/product_images/pictures/5897/medium/Lelieve_Feel_Good_994_Navy.jpg?1386982269,https://trueandco.com/bras/leilieve/feel-good/528
1384,OG_Gossamer_Mesh_Racerback.jpg,https://tcoimages1.global.ssl.fastly.net/product_images/pictures/9381/medium/OG_Gossamer_Mesh_Racerback.jpg?1391803756,https://trueandco.com/bras/ongossamer/gossamer-mesh/1384
2250,BCBG_Sally_LonglineBralette_Black.jpg,https://tcoimages2.global.ssl.fastly.net/product_images/pictures/9847/medium/BCBG_Sally_LonglineBralette_Black.jpg?1402509000,https://trueandco.com/bras/bcbg/sally/2250
1370,Le_Mystere_Bra_Nude.jpg,https://tcoimages2.global.ssl.fastly.net/product_images/pictures/9355/medium/Le_Mystere_Bra_Nude.jpg?1390958763,https://trueandco.com/bras/le-mystere/tres-tisha/1370
2601,BetseyJohnson_ForeverPerfectPushUp_Polkadot.jpg,https://tcoimages3.global.ssl.fastly.net/product_images/pictures/9848/medium/BetseyJohnson_ForeverPerfectPushUp_Polkadot.jpg?1402511873,https://trueandco.com/bras/betsey-johnson/forever-perfect/2601
1995,Claudette_Dessous_Violet_Concrete_Edited.jpg,https://tcoimages2.global.ssl.fastly.net/product_images/pictures/9595/medium/Claudette_Dessous_Violet_Concrete_Edited.jpg?1399407362,https://trueandco.com/bras/claudette/dessous/1995
1184,ShockAbsorber_Classic_Support_SN109_Black.jpg,https://tcoimages1.global.ssl.fastly.net/product_images/pictures/7833/medium/ShockAbsorber_Classic_Support_SN109_Black.jpg?1386985916,https://trueandco.com/bras/shock-absorber/classic-support/1184
1382,OG_GossamerMesh_3201_StarSapphire.,https://tcoimages2.global.ssl.fastly.net/product_images/pictures/9244/medium/OG_GossamerMesh_3201_StarSapphire.?1389124961,https://trueandco.com/bras/ongossamer/gossamer-mesh/1382
2507,EM_Dentelle_UnlinedBra_AmparoBlueSpray.jpg,https://tcoimages2.global.ssl.fastly.net/product_images/pictures/9895/medium/EM_Dentelle_UnlinedBra_AmparoBlueSpray.jpg?1405122610,https://trueandco.com/bras/elle-macpherson/dentelle/2507
1628,CK_Icon_Delilah.jpg,https://tcoimages2.global.ssl.fastly.net/product_images/pictures/9268/medium/CK_Icon_Delilah.jpg?1389832619,https://trueandco.com/bras/calvin-klein/icon/1628
1604,DKNY_SuperSleeks_443173_BlueGreen.jpg,https://tcoimages2.global.ssl.fastly.net/product_images/pictures/9094/medium/DKNY_SuperSleeks_443173_BlueGreen.jpg?1386994920,https://trueandco.com/bras/dkny/super-sleeks/1604
1394,MontellePurePlus9020Jacarta.jpg,https://tcoimages3.global.ssl.fastly.net/product_images/pictures/9206/medium/MontellePurePlus9020Jacarta.jpg?1389053544,https://trueandco.com/bras/montelle/pure-plus/1394
1731,Natori_Bare_Support_1338103_BLACK.jpg,https://tcoimages3.global.ssl.fastly.net/product_images/pictures/9047/medium/Natori_Bare_Support_1338103_BLACK.jpg?1386994598,https://trueandco.com/bras/natori/bare-support/1731
130,blackdone.jpg,https://tcoimages1.global.ssl.fastly.net/product_images/pictures/156/medium/blackdone.jpg?1386977155,https://trueandco.com/bras/blush/sweetest-sin/130
1621,InfiniteLace_66375_EdisonBlue.jpg,https://tcoimages2.global.ssl.fastly.net/product_images/pictures/9538/medium/InfiniteLace_66375_EdisonBlue.jpg?1398373806,https://trueandco.com/bras/calvin-klein/infinite-lace/1621
2334,Montelle_PureTshirt_Bra_Cocoa.jpg,https://tcoimages2.global.ssl.fastly.net/product_images/pictures/9913/medium/Montelle_PureTshirt_Bra_Cocoa.jpg?1405978456,https://trueandco.com/bras/montelle/pure-t-shirt/2334
1395,ClaudetteBraletteLaceBluePink.jpg,https://tcoimages2.global.ssl.fastly.net/product_images/pictures/8053/medium/ClaudetteBraletteLaceBluePink.jpg?1386987202,https://trueandco.com/bras/claudette/dessous/1395
1374,OnGossamer_Mesh_Black2.jpg,https://tcoimages3.global.ssl.fastly.net/product_images/pictures/9374/medium/OnGossamer_Mesh_Black2.jpg?1391799913,https://trueandco.com/bras/ongossamer/gossamer-mesh/1374
1785,CK_IconLace_F3717_Plunge_Pegmatite.jpg,https://tcoimages1.global.ssl.fastly.net/product_images/pictures/9054/medium/CK_IconLace_F3717_Plunge_Pegmatite.jpg?1389047591,https://trueandco.com/bras/calvin-klein/icon-lace/1785
1441,Blush_Caress_229514_BlazePinkDot.jpg,https://tcoimages1.global.ssl.fastly.net/product_images/pictures/9084/medium/Blush_Caress_229514_BlazePinkDot.jpg?1386994848,https://trueandco.com/bras/blush/caress/1441
1849,MontelleCoquette9012WildOrchidRosebloodAGAIN.jpg,https://tcoimages2.global.ssl.fastly.net/product_images/pictures/9250/medium/MontelleCoquette9012WildOrchidRosebloodAGAIN.jpg?1389125882,https://trueandco.com/bras/montelle/coquette/1849
2108,CK_Icon_Bra_GreyedLavender.jpg,https://tcoimages1.global.ssl.fastly.net/product_images/pictures/9786/medium/CK_Icon_Bra_GreyedLavender.jpg?1401930940,https://trueandco.com/bras/calvin-klein/icon/2108
3145,Wacoal_HaloMolded_Bra_Nude.jpg,https://tcoimages1.global.ssl.fastly.net/product_images/pictures/10104/medium/Wacoal_HaloMolded_Bra_Nude.jpg?1411780567,https://trueandco.com/bras/wacoal/halo-molded/3145
1375,OnGossamer_Mesh_Nude.jpg,https://tcoimages3.global.ssl.fastly.net/product_images/pictures/9356/medium/OnGossamer_Mesh_Nude.jpg?1390959007,https://trueandco.com/bras/ongossamer/gossamer-mesh/1375
2574,Natori_FeathersRacerback_Bra_MorningGlory.jpg,https://tcoimages2.global.ssl.fastly.net/product_images/pictures/9778/medium/Natori_FeathersRacerback_Bra_MorningGlory.jpg?1401928878,https://trueandco.com/bras/natori/feathers/2574
1450,Natori_Bra_YellowCremeAGAIN.jpg,https://tcoimages3.global.ssl.fastly.net/product_images/pictures/9368/medium/Natori_Bra_YellowCremeAGAIN.jpg?1391129667,https://trueandco.com/bras/natori/sheer-jacquard/1450
